"SA1 Personal Income Summary: Personal Income, Population, Per Capita Personal Income"
"Personal income (thousands of dollars)" 
"Bureau of Economic Analysis" 
"State or DC"
"GeoFips","GeoName","1929","1930","1931","1932","1933","1934","1935","1936","1937","1938","1939","1940","1941","1942","1943","1944","1945","1946","1947","1948","1949","1950","1951","1952","1953","1954","1955","1956","1957","1958","1959","1960","1961","1962","1963","1964","1965","1966","1967","1968","1969","1970","1971","1972","1973","1974","1975","1976","1977","1978","1979","1980","1981","1982","1983","1984","1985","1986","1987","1988","1989","1990","1991","1992","1993","1994","1995","1996","1997","1998","1999","2000","2001","2002","2003","2004","2005","2006","2007","2008","2009","2010","2011","2012","2013","2014","2015","2016","2017"
"00000","United States",85126000,76371000,65507000,50134000,47085000,53939000,60698000,69057000,74545000,68923000,73452000,79171000,97400000,125259000,152627000,163267000,168178000,179844000,192660000,211661000,209182000,233008777,262559709,280539500,297489812,300685627,322573454,346606330,366539016,376690281,400673993,418095000,436553000,464248000,487847000,522796000,564631000,612945000,656851000,720704000,791150000,855078000,923964000,1015526000,1131213000,1242433000,1359998000,1491506000,1646968000,1851867000,2068806000,2307005000,2584340000,2767657000,2957901000,3268535000,3501927000,3712243000,3940859000,4260753000,4603969000,4890453000,5055766000,5402109000,5639780000,5930316000,6275761000,6661697000,7075132000,7588703000,7988183000,8634847000,8987890000,9150761000,9484225000,10047876000,10610320000,11381350000,11995419000,12492705000,12079444000,12459613000,13233436000,13904485000,14068960000,14811388000,15547661000,15912777000,16413550863
"01000","Alabama",842894,697154,583342,421538,435290,555997,586701,682988,733375,673513,705148,799657,1100120,1568116,1950183,2106992,2213815,2218865,2383177,2624455,2519974,2818502,3286165,3497467,3657249,3533060,3999687,4291997,4562229,4758455,5002900,5216067,5387725,5656779,6009180,6520994,7078644,7591766,8015446,8753294,9726212,10605131,11670926,12964387,14582799,16175869,18038463,20228589,22281919,25197261,27992382,30864240,34263541,36197910,38771851,42649118,45942335,48627446,51486400,55388090,60312581,64070364,67662101,72847428,76199461,80680540,85362072,89084446,93822199,99767737,103105812,108000944,111693478,114176585,119399497,128541881,136187496,144954288,152246048,157727573,155513766,161256950,166595407,170881367,172789879,178612937,185484754,189161974,194871226
"02000","Alaska*","(NA)","(NA)","(NA)","(NA)","(NA)","(NA)","(NA)","(NA)","(NA)","(NA)","(NA)","(NA)","(NA)","(NA)","(NA)","(NA)","(NA)","(NA)","(NA)","(NA)","(NA)",391941,538059,616278,651086,631065,642722,679219,672043,675477,703237,807217,796510,829551,898047,1005576,1084869,1153897,1257384,1357276,1565315,1787169,1969284,2148358,2483103,3011981,4117266,4843292,5026243,5175727,5470056,6204950,7057192,8610173,9368256,9961459,10772149,10868683,10430514,10875485,11938954,12650093,13199663,14093288,14837766,15326225,15739275,16166525,17047974,17836325,18429969,19875476,20981151,22013624,23077755,24255862,25928163,27582437,29744447,32853999,32731783,34711427,37151409,38490699,37916014,40242478,41701086,41283275,41459811
"04000","Arizona",257224,224623,184470,136925,131705,154799,180425,204813,228989,223233,237729,252551,319401,505119,690466,664885,679273,699313,781942,927803,951113,1056623,1309095,1489845,1581777,1639837,1799680,2028630,2220164,2358531,2599848,2833481,3086456,3322188,3493419,3746979,3977948,4336766,4719704,5413703,6309880,7180112,8206023,9404333,10860099,12242125,13161612,14661840,16480188,19438384,22885921,26363186,30118690,31884829,35029874,39699293,44054015,48294793,52226134,56265019,60486975,63383028,66575466,70987974,76430689,83859970,91282721,98948614,107437212,117552632,124514127,135372547,141148475,146532203,155206313,169446981,188531565,209240727,220503346,224317885,214058229,215052605,225838885,236220305,242181504,255696365,270258279,280120037,292108028
"05000","Arkansas",560157,416278,381638,278409,283060,341705,386004,460151,481582,439122,479153,502002,676326,973768,1051339,1236417,1324089,1372264,1358169,1611219,1512797,1624744,1848530,1921979,1935830,1914544,2080765,2156658,2226162,2319693,2532765,2557904,2781764,2973098,3149260,3418008,3606460,4006747,4249157,4595196,5129597,5635770,6273038,7082421,8381299,9361505,10317199,11388677,12666674,14682928,16089892,17371177,19657239,20676166,21988073,24474975,26082631,27399821,28476005,30546100,32776869,34487482,36434402,39744696,41722523,44297617,47104707,50012919,52409055,55647128,57896065,61029036,64205009,65583321,69393101,73711023,77736622,82701324,88227922,92390681,90880167,92913782,99296630,106664517,106466207,112682792,116227802,118697988,122546185
"06000","California",5494405,5078934,4387152,3440813,3276354,3665944,4108634,4924301,5233067,5190461,5364362,5949822,7522670,10347944,13704031,14967541,15588877,16607451,17104898,18180455,18503349,20678634,24007508,26676487,28602210,29480656,32405734,35466051,38114338,40102616,43838806,46333262,49147467,52938918,56604947,61292036,65445747,71123305,76481751,83786947,92173937,99440680,106005497,116355563,127636686,142322040,157355533,174492789,193587811,220523113,250027116,283852405,318833657,340836724,368675480,409989187,443346410,476271961,513636748,558066083,601183746,643954932,665001713,701387002,718212128,740997699,779582479,828822422,881903762,957671894,1020864222,1124844038,1160964629,1182174837,1242098548,1335871248,1415940822,1524919622,1583851546,1616530437,1560649328,1617134250,1727433579,1838567162,1861956514,1986025976,2133664158,2212691221,2303870496
"08000","Colorado",635288,596454,498097,379940,378119,399173,479858,590209,589259,564357,581245,619492,735820,1038255,1228025,1221172,1349989,1473239,1696758,1865969,1897217,2078836,2471192,2666223,2693070,2773107,3018631,3331238,3656802,3744005,4019322,4302589,4633818,4886249,5117264,5413181,5780431,6219573,6707143,7449409,8362617,9447721,10654052,12056548,13774616,15431087,17007525,18711069,20872126,24076949,27639927,31667476,36459220,39984337,42968979,46898660,49560424,51512722,53462768,56574733,61209049,64865685,68711303,74732485,80953444,87221703,94817972,102272385,110052113,122141316,132118052,147226744,154592304,156288493,159102588,164456627,176129181,189492643,201743269,208608111,198082468,201569924,219860916,234005901,246648165,267225467,282665204,288103337,300006049
"09000","Connecticut",1640024,1494293,1312590,1026232,969366,1090354,1190750,1361909,1458869,1311754,1436330,1589203,2029372,2587325,2911680,2921230,2837079,3060592,3390306,3504895,3414883,3862330,4437134,4850281,5259471,5362905,5778919,6315039,6733835,6527864,6974994,7266881,7693260,8218293,8675920,9318293,10018325,11007189,12063735,12816784,14693141,15678607,16511886,17800682,19365980,21132528,22706406,24501978,27001855,30063404,33793836,38457972,43173687,46616812,49858707,55856174,59950829,64560716,70594722,77854455,84525768,86968737,87599501,94263265,97514376,100067779,105446951,110588370,117944101,127447466,134862911,147686418,155411804,155702576,158426538,166799800,176139627,190614991,204296045,217101744,215234464,222404940,229211506,233710888,230614799,239069549,244940968,247886635,251607948
"10000","Delaware",243300,204960,187585,144734,140270,161668,177753,220417,242467,205682,238411,278904,325034,368251,418722,436880,443560,473835,513099,525480,571135,669777,720012,773312,830174,861395,994216,1146463,1154808,1187445,1240584,1302373,1344573,1427126,1528141,1652820,1815568,1910996,2035756,2220336,2445633,2606227,2852424,3133305,3467373,3755784,4049435,4413098,4749267,5211883,5722077,6428975,7076416,7625571,8163545,8995632,9806074,10431043,11269736,12318653,13716907,14403323,15238119,15927657,16547403,17201929,18222617,19495317,20362927,22627811,24409278,27074544,29773066,30513129,31236735,32401002,33357539,35524883,36468376,36974073,36843966,36971906,39687435,39953950,40565882,42175123,44438426,45574410,47255723
"11000","District of Columbia",639233,641296,631596,567731,499867,546948,626780,718895,745520,728246,766035,842141,971075,1246821,1447518,1439168,1516705,1631873,1640576,1786172,1851892,1959271,2060768,2167693,2104071,2070126,2053501,2148789,2235140,2283800,2351421,2379382,2502266,2691249,2860578,3034510,3269109,3409074,3647808,3829372,3724835,4129474,4597223,4990553,5251389,5697134,6186537,6550200,7032458,7490915,7905250,8355120,8971160,9567530,9977198,10899046,11548191,12133514,12781025,14041999,14970581,15575579,16272212,17188128,17910334,18319858,18434325,19195399,20209086,21456211,22342023,24542346,25709919,26107920,26408223,28989462,30551489,32542965,34651082,36034466,35532577,37436702,40811859,42309871,43195599,46157065,49671007,51842801,53426123
"12000","Florida",749494,687690,592370,482112,448159,551596,610473,748592,838862,825084,920847,1017727,1285775,1832862,2639713,2934732,3055164,2970083,3037915,3185440,3315822,3785477,4287519,4850615,5407556,5696503,6514925,7551094,8355898,9080435,10006318,10479655,11106051,11986123,12880384,14111984,15452114,16977969,18785941,21611770,25165121,28474028,31975467,36785616,42791356,48155185,52615177,57334261,64182990,74169866,85170098,100174719,115826766,125266195,139241897,154951730,170340970,184230468,199396960,218709966,244145082,260093568,270301132,286472913,304269718,320445032,344347697,366382132,388030818,419558498,441185618,477315998,503630546,522698930,546581820,593212601,647093731,703750490,730814302,734691254,691355724,728063852,773315948,793103892,798885890,856491910,919957986,947207472,983294332
"13000","Georgia",995413,881556,741667,578546,595313,714949,789623,893459,947972,891441,961081,1053207,1376240,1904455,2430791,2692792,2775721,2792797,2931390,3258984,3279292,3772678,4395508,4753832,4888897,4886104,5385323,5767024,5977944,6235156,6643742,6948546,7250291,7793948,8474340,9180245,10132571,11174136,12140274,13400376,14943824,16272040,17970425,20160391,22772857,24985794,27002936,29996838,33159873,37625620,42114161,46930712,53090574,57498742,63100546,71482946,78389015,85539433,92052320,100335299,108165689,115537974,121117611,131312440,139467777,150306669,162222883,175284284,186659726,204789162,218400986,236451759,248516259,254655443,264265063,279349989,296929387,317384082,332074930,335573645,330586251,336504092,359778107,365480928,371155912,394706562,418382680,434677178,451280709
"15000","Hawaii*","(NA)","(NA)","(NA)","(NA)","(NA)","(NA)","(NA)","(NA)","(NA)","(NA)","(NA)","(NA)","(NA)","(NA)","(NA)","(NA)","(NA)","(NA)","(NA)","(NA)","(NA)",790965,926770,1022518,1061261,1071414,1122694,1177852,1249297,1296804,1436756,1624793,1761303,1885302,2013717,2191059,2406434,2611648,2831058,3181535,3646550,4229452,4589275,5053789,5594397,6365247,6935988,7463349,8075045,8963468,10050552,11460741,12391045,13076982,14419849,15454096,16453428,17468188,18623163,20461349,22865408,24931086,26366349,28424752,29472164,30121287,30776621,30785523,31791726,32450676,33645376,35680722,37214473,38922238,40763715,43952173,47220711,50618308,53206947,56050035,55852773,56908597,59072082,61836090,62784498,66122066,69637831,71946077,74144368
"16000","Idaho",223159,218123,166214,122854,105726,183764,189373,230591,213455,216123,224529,239246,297824,441876,518932,570357,560458,612605,664633,740213,733317,790427,894027,983639,939449,955514,1006648,1110543,1176212,1199919,1270179,1300838,1378431,1474754,1508399,1558259,1779102,1803244,1916558,2047057,2370184,2617230,2860176,3266891,3779304,4443190,4778028,5354633,5850825,6737815,7390444,8316840,9171608,9563932,10362783,11083457,11634316,11902464,12490918,13524893,14924453,16159229,16984993,18678773,20486623,21919319,23555311,25056014,26166890,28346699,30162818,32598344,34065858,35094185,36387793,39464798,41863825,46053410,49037046,50680252,48865949,49842157,52744839,55370347,57581151,60744450,64209286,66433410,69548456
"17000","Illinois",7227499,6188741,5169731,3780767,3420708,3947245,4494162,5127007,5763614,5130410,5598253,5989818,7199055,8443209,9921893,10840792,11325772,12660326,13782899,15599591,14721904,16167633,18019341,18944142,20257903,20403993,21710749,23705466,24719771,24962280,26482475,27344027,28411561,29980424,31164087,33305619,36124319,39162441,41645120,44613740,48573584,51639877,55448181,60156806,67032643,73316761,80076194,86911427,95536857,105451880,115662707,125267355,138797538,146883163,153272385,168779744,177588231,186842150,197670677,212990719,226785013,240750225,245973750,266535770,275770452,290484504,308423705,328069414,346357612,367569484,383408287,412843444,426266101,431913030,439257453,456106668,474731421,507325828,536586280,552691325,524590671,535463835,562292466,587601163,600782652,628783275,652685245,663338023,676053010
"18000","Indiana",1950107,1660366,1415605,1011759,970743,1186021,1397545,1610698,1842248,1597937,1763820,1896112,2526973,3229206,3960668,4151019,4328264,4487108,4973988,5633771,5387298,6066758,7063436,7428067,8191306,7745502,8358483,9000159,9300580,9302174,9899157,10410433,10727293,11481116,12057812,12837067,14189771,15317093,16041431,17415283,19196644,19957960,21704434,23747835,27244965,29138385,31453320,34953336,38692559,43178542,47589948,51176800,56129291,58057065,60856657,67573875,71325420,75220555,79856399,85438311,93122680,98288101,101120415,109582337,115567139,122830283,128383921,135673335,142738061,154164390,160634031,171538788,175890307,178158904,182215699,189976741,195121894,207376568,215098965,225759917,220157359,227692069,242797724,253770962,257170310,266902076,276730346,285863662,294440455
"19000","Iowa",1403345,1238381,982779,728339,629112,680162,1054113,980716,1281992,1123470,1179650,1252908,1501801,2021713,2386412,2302675,2520523,3054456,3040390,4123067,3508987,4037389,4310376,4574826,4405265,4762183,4535527,4812706,5341163,5459654,5595327,5737092,6076593,6336079,6739001,7059945,7827196,8528539,8691232,9362662,10412467,11123890,11667961,13068180,15673043,16254203,18218475,19334083,21324601,24592047,26337510,27990985,31667179,32599503,33319878,37002288,38315345,39614354,41467308,42750976,46532603,49067459,50202706,53914617,54137967,59005529,61476185,67006658,70118131,73443712,75382397,80584533,82906560,84963006,86723292,94120989,96668245,102703805,110015525,117010217,113322375,115762598,125236725,130989989,133536267,137733646,142825634,144195709,144691308
"20000","Kansas",982272,865937,741242,502489,470326,537250,674128,722392,792545,705548,696911,759589,982900,1521512,1913191,2083307,2026994,2059456,2414107,2556568,2531766,2840747,3166999,3688588,3551582,3760072,3771535,3967298,4187019,4595649,4641036,4825331,5040132,5243522,5364757,5649656,6024626,6456148,6760353,7364230,8202984,8896540,9656780,10766270,12261400,13263391,14514643,15745402,17173852,19009450,21699966,23851556,27024244,29305092,30569508,33478357,35289105,36988079,38669638,40681838,42989167,45671041,47310950,51020010,53382924,55822198,58154336,61972792,65844794,70029330,72401435,76512050,79087763,79737565,82089882,83860092,88583966,97677245,105406658,115633816,111052352,112083904,122014751,129292297,132683659,135017710,136598008,137305437,138672947
"21000","Kentucky",1010390,844362,760629,557851,549617,630438,726291,810839,942921,828269,860935,919364,1142066,1547972,1928651,2035539,2121413,2304077,2439168,2827749,2689872,2943586,3460626,3680910,3868245,3819265,3997020,4225583,4435856,4642493,4878696,5033959,5359676,5687602,5979565,6237923,6765611,7396649,8001690,8737484,9702046,10517373,11444607,12654522,14211061,16007267,17446401,19488702,21868067,24357691,27351774,29770590,33114794,35287385,36629766,40882623,42685414,43905007,46333321,50389911,54151355,57482504,60643068,65371767,67907191,71377080,74798939,79385813,84293663,89291011,93068131,100491384,103880570,106192366,109033108,115700799,121353573,128434393,134438098,141421812,139458607,143617957,150669444,155996922,156589351,163278651,170266901,172713808,175463990
"22000","Louisiana",852394,742687,669554,512711,491378,579453,643941,737390,795068,793754,838439,864438,1162431,1567765,2075640,2220953,2190370,2148047,2295419,2655958,2850625,3054403,3420131,3723789,3943434,3942783,4192589,4655135,5146833,5271270,5506855,5595804,5824509,6158990,6566706,7018082,7607309,8415440,9222224,10090745,10705734,11584384,12625010,13808857,15400759,17504388,19685104,22198032,24785106,28369392,32215513,37068679,42736140,45907722,47839547,50914162,52996795,53025000,53216629,56162777,59669915,64267316,67719711,72590741,76204711,81218487,85205189,88954302,93605316,98039104,100305802,105949826,113246437,116334048,119821189,125152478,134652952,143175909,156538878,167648484,162974620,169191480,174541004,184226805,185533619,195268026,200091950,198025102,203725026
"23000","Maine",477736,458645,397004,309554,306175,346557,363522,427439,432328,401170,422594,451880,546203,731163,907378,903629,882645,959156,1009987,1103243,1084145,1111266,1232919,1348940,1358229,1382785,1521612,1612286,1676341,1747120,1824506,1935513,1961797,2039643,2106111,2274177,2456536,2612437,2741660,2921436,3217148,3530087,3790516,4151378,4663075,5177766,5579554,6378036,6931931,7663100,8517303,9584669,10586283,11464150,12294408,13639159,14708268,15970626,17383822,19127295,20817675,21654835,21995830,23022871,23767774,24763124,25878824,27358122,28858308,30876061,32458107,34921210,36849361,38155280,40067729,42132540,43083415,45402329,47187502,49226384,49130870,49827077,51714022,52877607,52724616,54763126,56928613,58655433,60211912
"24000","Maryland",1256418,1178774,1070577,875245,803423,908054,964784,1093243,1182505,1136351,1207103,1328545,1716514,2327182,2777299,2929691,2895214,3013640,3126558,3511304,3585348,4005631,4621476,5092687,5425315,5456784,5878647,6423191,6837619,6971540,7361845,7740647,8240291,8904690,9541251,10406343,11347454,12521403,13632167,15059507,17270064,19210265,21174070,23219752,25571575,27927911,30272447,32913004,35682786,39666413,43606569,48538857,53951891,58495108,62780435,69611724,75637475,81682411,88108956,96766594,104489827,110720316,114751265,120564540,125464844,131220905,136887889,143275374,151291853,163085559,173346881,188470846,198998650,205604275,214734120,230472764,242159114,257913392,267773656,280994770,279900870,288737386,304387669,314159795,312369522,322608872,337212412,349266576,360250668
"25000","Massachusetts",3852924,3577821,3253120,2646805,2428136,2656958,2835758,3155358,3235135,2980157,3196918,3421601,4053160,4831337,5543523,5800631,5957378,6458659,6695099,7169512,7121839,7911359,8655830,9045084,9592068,9701314,10346617,10981768,11603613,11867468,12663332,13193427,13866680,14654016,15237382,16267327,17348525,18688058,20299682,22173205,24151557,26093306,27884416,30122067,32658962,35287455,37985397,40803404,44419277,49083173,54589962,61455326,68461988,75054202,81578422,92019548,99606265,107410509,116375406,127991216,134970796,139000167,141238542,148539497,154466285,162148912,171547003,182447254,193952126,206398097,220155896,245201225,255544975,255764186,262071401,274807343,287134553,309652139,324259926,338218622,335086775,348325560,365190182,380785092,383509900,400244845,426359872,437551353,451994165
"26000","Michigan",3795607,3178111,2592612,1885359,1661212,2179062,2571734,3035334,3415119,2904500,3239748,3632012,4559898,5874541,7400051,7658154,7334551,7866806,8956659,9690548,9634178,10994905,12312257,13184086,14993087,14614792,16237553,16941407,17417933,17079633,18076327,18837597,18912124,20272536,21650297,23749771,26372945,28754364,29956184,33115209,35930901,37166325,40419874,44882437,50073719,53567368,57302941,64001599,71984775,80263659,87967096,94142514,100693108,103937962,110447808,122143721,132507384,141065411,146705873,156538879,168621581,176444356,180155777,191165165,201354672,216514159,228975422,241000500,253799739,269316721,283455635,302464029,307585685,307775244,314347960,323453268,329803615,337588867,346957762,354545792,336321819,347723348,369367635,382627062,388175044,404864143,427199321,439361467,450847081
"27000","Minnesota",1528678,1409297,1193739,956101,828776,967632,1219270,1294506,1477208,1357304,1432474,1460595,1675858,2126394,2454717,2553234,2833892,3267502,3556826,4154321,3909750,4324200,4787152,4984619,5262770,5425650,5741618,6015113,6384595,6747297,6999809,7434597,7820322,8240507,8742367,9098218,10056861,10903841,11716124,12897459,14345217,15639973,16680898,18131659,21241112,22866034,24735777,26719839,30082297,33748603,37547231,41697467,46202501,49470144,52085956,59084082,62698124,66395130,70827147,74630070,81661558,86895595,89548001,96321351,99215504,106426113,112631122,121486713,128314666,139637164,146855175,159096888,165450224,169411366,177754072,188490101,193390784,203478772,214836931,225518558,215149426,223700193,238638075,254020529,256039772,268529945,280406484,287249809,295798390
"28000","Mississippi",552753,395774,337411,244769,256911,342386,358748,460749,458126,416807,436256,460954,690084,1005963,1245876,1360020,1329569,1281366,1410525,1656140,1480866,1697040,1872552,1982546,2012926,1958033,2208231,2251740,2278589,2470880,2737371,2774532,3005878,3136382,3445900,3566493,3876351,4229277,4572377,4998486,5534346,6064385,6718511,7653682,8743228,9609803,10424635,11820319,13153529,14647559,16553596,17998291,20205005,21340298,22336974,24400947,25725576,26678772,28202012,30162096,32651634,34267522,36072135,38903231,41442376,44847540,47381736,50290838,53121279,56289949,58160798,61339361,64911727,65905820,68443211,72400140,77222001,80500778,85615593,90094129,88174096,90800430,94576285,98264480,99663477,102378364,103901356,106052785,108459722
"29000","Missouri",2240459,2041241,1813990,1365452,1260656,1391453,1596860,1774708,1925360,1798417,1906128,1968020,2464343,3132369,3618202,3848481,4029174,4511155,4733809,5290846,5169744,5698386,6322467,6681185,7088417,7141518,7647478,8070172,8303107,8838112,9358168,9638361,9967058,10494606,11012792,11632206,12650924,13551906,14416159,15951063,16884221,18437396,19898453,21643396,24037988,25725396,28177729,30858137,34195610,38083133,42467120,46090765,51466552,54991252,58675314,65050681,69635804,73376484,77319358,82003345,87798850,91773727,95972532,102405335,107142686,113502853,119307169,126395827,134265735,140934839,146737008,156903173,162089578,165486900,172068839,181545945,187778625,199490640,209373311,220897747,217131669,220251923,229108112,240120072,240825428,249234791,257514867,261547770,266920797
"30000","Montana",310237,269952,208719,180549,161784,198884,261194,264958,284529,284143,294366,315656,384231,469558,557804,557961,578114,673437,784643,888036,814937,994650,1092136,1115826,1134580,1127637,1230507,1293492,1356629,1413607,1388521,1446413,1449885,1696525,1687045,1722985,1852500,1986666,2025582,2122790,2353692,2608573,2791927,3235011,3747805,4073898,4490489,4815011,5207027,6105886,6559567,7210173,8185714,8627306,9090637,9613235,9761494,10152794,10434021,10714600,11815126,12429218,13256187,14106136,15256962,15671892,16533795,17308965,18044406,19278739,19763448,21071643,22053487,22725980,24262268,26159065,27982487,30304534,32610254,34611922,33768763,35125691,37698478,40027400,40074179,41676292,43844378,44772870,46123674
"31000","Nebraska",802603,703685,565693,419011,378161,364269,555956,535493,553668,532517,525411,578280,697189,1024357,1270746,1336381,1447465,1491333,1607414,1957358,1773084,2102154,2195318,2357533,2250265,2406175,2326694,2400843,2784392,2920655,2952376,3141354,3215128,3492509,3588498,3686850,4053582,4354014,4508401,4809948,5392547,5810184,6379847,7064041,8233786,8580634,9809330,10245780,11101506,12842775,13848556,14761594,17127803,18435447,19113083,21224174,22366484,23031245,24074574,25715284,27268495,29214345,30327262,32255233,33310646,35399363,37420622,40752615,41937191,44762109,46794157,49512086,51649982,52771054,56076719,58506442,60120755,62951389,67917175,72300017,71103994,74149336,82656406,85485324,85722866,91082845,93868240,95411344,96762103
"32000","Nevada",78622,76711,62502,53448,47907,54840,66670,85331,79815,82427,92458,101905,122157,221306,235585,236577,243730,259301,267207,279386,289670,334214,384371,450099,495773,535226,622234,649238,696462,737174,807317,883612,978410,1170203,1316740,1425527,1525668,1607834,1706746,1991653,2256915,2534085,2831306,3161804,3582008,3970562,4478263,5094225,5899270,7128031,8270217,9565424,10882149,11641320,12367311,13493387,14709192,15912885,17403811,19785829,22278166,24994589,27487103,30503405,32961951,36518231,40086322,44341628,48512959,53873615,58542856,64403145,68307123,70519000,75123100,83711491,93970899,100730483,104399125,103001444,97399708,99534123,103259252,107930003,108503500,115355475,124341475,128089633,133789414
"33000","New Hampshire",321092,301698,263093,203542,200213,230064,242009,260447,274093,260376,277165,287906,353146,419538,461848,497386,528038,578590,628124,680271,688001,726440,809334,858600,921689,963008,1036629,1099995,1177867,1200334,1306753,1379835,1454072,1556291,1622550,1745029,1882596,2064095,2254919,2493331,2788141,2974271,3228188,3569215,4015901,4422445,4815390,5443554,6154938,7096546,8109526,9274186,10505613,11568428,12714401,14383191,15892572,17589083,19464425,21419236,22925371,23025351,23788602,24948920,25787395,27573320,29299859,31032084,33335717,36590787,39010030,43966312,46228337,47123075,48126373,51105354,53136817,57259284,59325737,61011388,60201229,62087848,65339834,68481909,68261645,69623534,72548919,74687026,77309425
"34000","New Jersey",3671655,3459566,3052084,2440290,2168371,2361370,2576749,2918411,3077215,2886208,3124048,3461742,4121177,5110452,6115011,6570746,6630068,6974552,7354926,7956481,8012247,8864545,10132762,10981271,11826872,12041232,12788219,13887275,14796272,14637128,15732487,16588483,17445946,18768447,19691067,21119425,22697538,24589406,26497914,29093537,32545792,35351558,38133439,41444820,45038421,48927606,52917200,57361858,62757064,69680133,77342831,86955685,97057434,104844478,113452401,125654526,134893648,144359457,155776344,171093247,183704780,192503740,196000492,210737946,217231771,224967367,239340164,253236997,269821158,287666867,301576276,332255755,344672849,353295773,363070991,379117636,392400318,418875514,438838772,455850397,442746079,451895490,473742591,490610937,494040279,514382313,538220307,549835795,563339400
"35000","New Mexico",170096,141963,124981,91817,94571,113613,139410,167613,182186,173283,186363,200314,240355,333466,427879,477776,514593,532477,597818,694463,761073,863456,1005790,1100666,1153274,1180734,1280660,1384269,1554872,1726107,1853719,1905007,1992665,2069321,2139534,2260933,2398239,2519694,2602806,2818474,3124513,3477754,3846898,4322426,4841784,5437939,6194704,6905447,7728095,8851800,9991554,11219375,12687802,13849319,14836770,16218576,17534394,18255711,19052079,20112493,21546318,23031799,24675575,26528180,28522697,30470675,32748131,34409992,36127950,37959667,38829685,41839377,45083587,46519758,48555144,51749008,55562615,59578677,63091733,67250834,66243018,68361950,72175501,73822778,72465608,76593172,78996822,80064958,81483543
"36000","New York",14065625,13167885,11412227,8916613,8321911,9111842,9790701,11041662,11459702,10826970,11326151,11880725,13431888,15495493,18233533,19904749,21072727,23202222,24538452,25974386,26016787,27905469,30202259,31676251,33737099,34861019,37148463,39476869,41918835,43604040,46206770,48288166,50449273,53148456,55348870,59120726,62756914,67354557,72614806,80125413,83912716,90165190,96393345,103115394,109639324,118077927,127411999,134872187,145585536,158660143,173524889,193182470,215239003,233470201,251847877,279011598,298868264,318949769,340487199,373992930,404342796,432392237,432623921,457406830,469767241,484813019,511629875,538196850,568314287,599910544,635108291,682613900,709589003,709926775,723980267,759622890,793176071,849172187,908162948,927888435,905801349,934270262,991352307,1053660783,1072125105,1109516679,1155937626,1176080244,1210641318
"37000","North Carolina",1023779,909134,776516,590984,663322,815788,888581,982315,1085940,1000888,1096302,1154147,1544696,2110949,2597273,2826207,2941535,3263193,3415576,3880094,3837955,4467657,5029458,5178872,5390270,5512888,5974543,6368405,6410536,6766466,7244945,7646397,8092589,8681181,9128592,9884726,10688561,11869478,12821047,14122068,15814399,17266010,18795809,21242006,24057505,26520910,28819441,31951060,35004010,39496334,43638467,48934688,55093632,59016015,64310265,72718393,78721174,84796696,91333783,100022056,109070662,115754709,120936223,131824817,140620670,149734601,160530377,171935317,184820214,197751256,207864019,221218690,227904776,231273894,240333313,261816800,280648703,304185004,328369034,351987808,338669437,337729995,352009519,376200549,372140736,392986046,415234837,428638808,444872063
"38000","North Dakota",254003,210111,132282,120301,101681,123949,181305,158044,212174,182637,203680,225035,320413,383829,523707,544759,563907,615470,848130,849782,736672,861245,896131,822740,836885,860466,949758,990517,1018394,1171901,1086917,1211691,1111286,1556893,1449804,1441340,1678052,1698142,1699418,1775378,1994339,2104730,2426531,2889855,4038581,4003286,4200486,4117225,4276480,5370965,5513744,5279606,6914367,7487357,7887475,8492880,8782366,8910617,9161561,8473720,9506913,10290342,10410081,11411372,11562828,12545156,12578798,14071088,13808529,15147076,15335245,16695390,17036787,17427613,18918969,19195772,20365614,21301444,23713934,27100616,26687878,29450250,33306563,39449209,40296443,42991436,42002831,41404978,41277100
"39000","Ohio",5114204,4422301,3772343,2704485,2608728,3083335,3521030,4061811,4435411,3866442,4269681,4601850,5760231,7191164,8741360,9213747,9415846,9961326,10882158,12183957,11655783,12905229,14895598,15974983,17532930,17595683,19004633,20289159,21328045,21148182,22598139,23510422,23960007,25242554,26287918,28063942,30356780,33134588,34708531,38274742,41814714,44121386,46947495,50934483,56459449,61841296,66118848,72483674,80273127,88755514,98036565,107027918,116356076,121686637,129000255,142456412,151328013,158445882,166010875,178043191,191552868,202826963,207192639,220961744,230239933,242927557,254378135,266568428,282349312,298353863,308082449,323964530,332936158,337415971,347533465,362702364,372826780,392059624,408126658,422401501,410538372,419569872,448119917,465139834,470745086,489250952,508379906,517918190,531810551
"40000","Oklahoma",1065209,875623,705916,511064,525212,598472,707161,761605,874078,802437,811545,868742,985915,1422944,1766041,1982729,2001677,2046838,2199862,2397781,2491327,2600743,2923663,3200585,3320741,3329860,3517491,3741371,3915159,4218991,4401114,4619375,4779230,4982550,5151285,5517388,5912125,6341001,6924328,7580411,8439742,9303935,10137739,11121845,12610044,14034223,15692235,17268685,19196673,21786046,25286386,29132371,34025236,37993649,38869340,41684153,43419381,43625647,43450859,45332471,48329950,50948903,52474225,55898923,58123375,60728231,63398165,67140318,70867876,74608546,76587362,82845740,87908711,89658607,93650150,101088757,110225753,122267011,127684113,142149545,129819128,135011290,145616058,156874413,164437285,175210238,171788102,167502814,170790994
"41000","Oregon",630176,578076,486142,366530,349016,429862,459742,560006,582489,566461,616579,663454,879967,1277005,1723003,1751052,1728528,1867180,2068224,2338968,2328528,2574806,2895364,3076403,3126764,3102448,3356165,3600477,3607725,3708019,4010125,4144666,4304791,4574045,4821579,5191584,5642532,6082646,6451616,7026745,7782223,8471104,9309592,10432253,11749236,13322232,14784118,16683442,18666901,21417553,24223707,26825715,28976957,29703264,31521314,34216272,35892259,37856822,39855476,43415873,47825276,51672272,54360166,58159238,62320110,66792632,71913581,77571848,82428855,87222632,90890592,98075500,100335404,101591994,105823776,112209856,117144304,127457878,133476862,140004731,134859864,136986770,144632521,152489633,155147986,165816558,178432319,185839645,192064292
"42000","Pennsylvania",7544350,6914998,5868061,4441170,4135017,4768327,5120621,5938329,6299684,5676509,6030200,6519971,7794382,9375563,11014517,11763085,11983453,12907035,14071503,14846825,14644147,16384265,18060073,18958300,20389005,19947534,21148626,22861134,24069749,24195203,25389105,26277443,26847353,27998267,29039754,31058233,33298261,35898346,38413578,41721526,45363997,48814578,51789540,56519468,61911787,68004857,74306438,81081493,88973804,98097527,108546349,118970218,131279831,140158661,146951760,158681543,168466148,177342443,187911697,203518393,220428623,233194273,242826180,256368975,266038429,275115183,287783679,302668785,317899634,334828567,348998963,373211236,385683541,393464126,407904130,433338099,451274953,476162792,506357616,528853951,515485777,533929583,561012102,585851545,589491588,613658783,637183688,648694472,667117752
"44000","Rhode Island",602476,544947,488762,394597,383297,410510,443813,494542,514567,474097,512775,551042,712664,925089,1081614,1109701,1109190,1110954,1167340,1155954,1132658,1258797,1394342,1471099,1573294,1576852,1679609,1748757,1793961,1883774,1983321,2015359,2109804,2268754,2364987,2518581,2720107,2972210,3222029,3520540,3738588,4085172,4325615,4709168,5025485,5263286,5700406,6224331,6808542,7472408,8304223,9335325,10402978,11168804,12049253,13280099,14283447,15348279,16479434,18173181,19796408,20307648,20434051,21390795,22307228,22867101,24111072,24982118,26452272,28275413,29541596,31806725,33489344,34889728,36717553,38423751,39434531,41573771,43256752,44285471,43131954,45023318,46640595,48601350,48771792,50451415,52525608,53272444,54574642
"45000","South Carolina",464527,416968,355567,273278,301548,364370,402682,455841,488490,455538,514283,597622,814005,1170006,1332354,1468567,1482375,1539068,1603536,1854870,1801144,1999414,2518270,2707106,2791587,2647079,2812485,2925819,3056540,3166839,3416870,3587318,3765899,4033887,4267167,4582591,5064811,5690280,6135098,6804411,7594623,8363608,9161152,10282871,11649849,13187997,14352868,16031619,17515221,19786882,22172253,24830814,27941168,29708074,32286069,35967206,38533651,41172834,44131715,47967404,52225817,56081923,58482729,62318342,65498742,69488391,73582134,78254085,83268712,89221438,93658381,100288596,103768987,106587924,110293923,117121439,123655488,133248360,142015184,148898634,145201638,149093360,157952965,166397814,168267898,178719703,189836135,196049325,203087627
"46000","South Dakota",286119,247224,167675,130823,93854,129188,205575,164816,210441,205687,219860,228852,287866,450631,500710,548370,620624,659409,752267,921458,709088,851673,997477,884664,961613,987358,920371,984328,1154418,1186491,1079852,1323454,1331620,1517169,1471232,1442610,1623335,1755443,1782696,1909887,2080125,2262517,2478189,2860912,3609714,3621033,4000855,3954043,4485097,5164776,5679834,5719001,6647391,7034068,7326712,8291305,8517981,8896433,9364373,9759935,10516247,11513251,11992985,12991533,13585823,14630902,14934328,16504345,16852186,18121187,19027288,20262966,21096085,21170798,23124408,24781741,26189694,27564810,30658501,33012790,31898690,33520714,36791498,37583819,37709126,39150683,40892772,41398241,41987994
"47000","Tennessee",970887,841489,724554,525895,552287,674131,734887,844262,927750,840730,890841,994494,1310836,1684275,2188986,2527888,2662017,2709558,2840810,3127054,3112573,3457615,3855234,4033191,4327590,4382042,4629019,4964802,5194431,5410311,5799558,5956103,6304094,6689397,7094602,7627113,8311902,9153121,9794966,10911875,11816751,12843600,14182933,15960357,18114084,20047468,21881351,24475271,27121191,30914798,34460508,38000362,42287567,44963374,48000072,53410068,57236417,61284468,66008117,71769376,77069823,81934674,86089981,94249674,100336091,106695942,114573451,121011953,128174369,140429185,146049690,154881000,159025404,162808694,169829047,180011461,188355736,200622515,210695574,220669541,218408222,226633982,239633734,250285838,252091031,262623442,277836898,288169968,297292992
"48000","Texas",2727475,2380040,2037288,1559658,1529027,1762885,1989187,2301087,2612830,2544915,2652597,2816618,3553072,5022821,6738234,7328287,7379627,7640830,8521621,9307371,10048454,10825042,12361208,13360366,13692547,14103609,15186386,16245464,17374237,17919413,18935469,19437723,20553051,21574399,22519599,24137161,25975703,28420483,31029233,34549609,38443529,42337671,45936073,50972265,57886017,65270692,74303077,83693554,93346447,107770121,124188134,142639001,167739363,184332493,196082087,214972612,231268930,236746076,241509519,256262447,274061924,296204968,309983300,335301604,354794103,375106640,401483332,431653384,470314809,512701446,540829905,589484088,626675708,633447887,656271300,684161109,746963828,817777478,872964318,961039866,910107802,956561930,1047017041,1125709687,1148928546,1236170006,1284521219,1289310024,1328682534
"49000","Utah",278145,251492,190785,157305,154515,163866,205566,243799,236504,238540,249628,267063,330927,527770,730197,664088,687064,716034,761387,836820,865148,963693,1125561,1195635,1225549,1223556,1353180,1474040,1598074,1655441,1776931,1899579,2033512,2210158,2298741,2418137,2561213,2726199,2878418,3091756,3382733,3766826,4218585,4712891,5240231,5862782,6542102,7392847,8357884,9600731,10849284,12172076,13724644,14915627,15955618,17598302,18879636,19816954,20741022,22051776,23700811,25737076,27623517,29924984,32312390,35050599,38230275,41619496,45005385,48123980,50652670,54178312,56628923,58314909,60553026,64580222,70680942,78678689,85634720,90362956,86110566,87931071,94918680,101508754,104664413,110863745,118724635,124871199,130409737
"50000","Vermont",226157,205847,169035,129752,120254,136030,147911,167564,172590,162779,175892,188214,226091,269849,307476,303030,329764,375025,400787,432111,416483,443938,508867,522074,547418,555674,578601,633086,656812,669553,719474,759958,792037,831318,861803,923465,1012519,1150659,1245512,1370853,1503562,1649486,1785668,1969923,2160343,2336657,2553979,2839324,3080373,3531717,3976039,4469318,5035413,5446636,5815938,6418440,6937305,7479849,8136635,8896581,9842411,10205317,10386332,11117833,11538472,12122967,12782449,13467271,14192206,15298304,16297359,17620319,18675843,19133676,19894962,21105387,21536171,23011821,24232173,25494389,25130695,25612435,27220129,28120420,28592608,29533385,30599347,31219885,31877737
"51000","Virginia",1054298,938205,906609,701527,704063,801502,891187,1004296,1104008,1038149,1149710,1304466,1827781,2804230,3114573,3416605,3521077,3542144,3444023,3862611,3908729,4408776,5204527,5669763,5873398,5976110,6311859,6830845,7201185,7440662,7949262,8203703,8742058,9432316,10144104,11196658,12090905,13087668,14316699,15835573,17870733,19388149,21429018,23779311,26598871,29484465,32413393,35757182,39623172,44964233,50089196,56563481,63482516,68641647,74262375,82639957,89530895,96590314,104293767,114134538,123358111,129544409,135044850,143870747,151326509,159147104,166955610,175267502,186787562,200056075,214416625,232452949,245204706,250408311,265269500,284567184,305504952,327318432,345335541,358043492,350577657,363888979,385615411,403880401,400660395,417173337,436655248,445461657,459448879
"53000","Washington",1149998,1030198,844183,636976,598403,711943,799446,942178,1009574,989908,1058985,1160586,1586482,2348054,3046474,3328255,3248244,3295214,3408755,3759189,3775527,4263776,4714111,5020152,5305857,5449786,5733651,6022918,6406226,6540174,6938333,7188674,7557735,8153252,8345104,8741072,9424718,10654118,11666598,12985787,14189188,14963601,15755947,16989715,19127287,21698528,24547939,27219877,30214671,35172996,40388261,45791768,51106487,54139646,57662556,61887083,65734074,70366088,74684332,81318656,89962254,98856108,105798375,114253674,120065517,126288890,133508969,143601196,154903989,169763415,181382731,194093106,198547288,202782060,210413123,226511608,236271199,257104210,279088841,293949341,278991093,284523758,301567633,326408854,333168842,358988169,379950931,397772297,416816311
"54000","West Virginia",787239,705870,616148,448003,452838,553854,606225,707180,760246,677945,727736,779418,942470,1130648,1302406,1415145,1535930,1703345,1949491,2106705,1967019,2114027,2347046,2443484,2466775,2340686,2488228,2757442,2955508,2940753,3042000,3089701,3131642,3267016,3409756,3636425,3887288,4124637,4369133,4629461,4937940,5498992,6033654,6678475,7301761,8092684,9145345,10188341,11393983,12680883,14145657,15557866,16961583,17969907,18449453,19840150,20661268,21170283,21701260,23149755,24528618,26120068,27204930,29317122,30399534,31692701,32740269,34072081,35498621,36999894,38018141,40261164,42471414,44197564,45005686,46491347,48411990,51923737,53779085,57551409,58042232,59487163,63067998,64623761,64207088,66047210,67273774,67061987,68864250
"55000","Wisconsin",1966048,1724001,1401855,1093050,1013159,1160174,1415085,1596214,1702249,1572529,1606353,1722711,2113838,2672385,3202791,3315469,3526214,3849348,4220644,4746567,4699026,5188088,5998374,6272128,6467459,6424622,6933417,7487898,7849064,7998093,8663702,8954993,9244954,9768533,10104244,10888858,11792611,12895782,13616395,14889700,16412939,17608648,18906602,20672925,23063852,25336188,27780259,30473081,34051662,38047473,42628337,47052952,51320993,54102808,56952258,62644454,66041717,69705474,73574026,78143063,85276226,90143238,93632279,101190913,106442538,113017540,118778601,125662960,133284392,142917963,149267176,159511065,167125085,171731780,175771213,183318375,189528086,201536159,210810973,219283413,215498897,219627970,232664321,243576466,245382484,255074816,265094105,270225982,277316642
"56000","Wyoming",149807,131518,109266,86297,85459,96364,118077,132492,147181,137775,145292,150399,197278,242500,287977,298149,305704,345446,387005,438799,468827,515557,584586,578071,577930,563439,610922,655266,695732,705200,745157,781263,822130,850868,870801,897870,926790,950027,1016413,1084968,1211800,1340970,1489501,1674888,1955087,2287808,2592763,2866956,3346805,3998754,4673909,5451246,6230971,6552885,6481624,6760300,7066297,7021157,6754137,6890814,7550290,8161335,8564768,9072027,9580114,10022682,10491936,10954402,11730537,12471456,13351225,14317733,15176559,15708575,16746950,17805527,19656998,22583362,23918986,26505381,24381004,25656916,28092250,30434827,30717840,32887556,33010402,32270465,32860964
"91000","New England",7120409,6583251,5883604,4710482,4407441,4870473,5223763,5867259,6087582,5590333,6021674,6489846,7920636,9764301,11213519,11535607,11644094,12542976,13291643,14045986,13858009,15314130,17038426,18096078,19252169,19542538,20941987,22390931,23642429,23896113,25472380,26550973,27877650,29568315,30868753,33046872,35438608,38494648,41827537,45296149,50092137,54010929,57526289,62322433,67889746,73620137,79341132,86190627,94396916,104910348,117290889,132576796,148165962,161319032,174311129,195596611,211378686,228359062,248434444,273461964,292878429,301162055,305442858,323283181,335381530,349543203,369066158,389875219,414734730,444886128,472325899,521202209,546199664,550768521,565304556,594374175,620465114,667514335,702558135,735337998,727915987,753281178,785316268,812577266,812475360,843685854,883903327,903272776,927575829
"92000","Mideast",27420581,25567479,22222130,17385783,16068859,17858209,19257388,21930957,23007093,21459966,22691948,24312028,28360070,33923762,40006600,43044319,44541727,48203157,51245114,54600648,54681556,59788958,65797350,69649514,74312536,75238090,80011672,85943721,91012423,92879156,98282212,102576494,106829702,112938235,118009661,126392057,135184844,145683782,156842029,172049691,185263037,200277292,214940041,232423292,250879869,272391219,295144056,317191840,344780915,378807014,416647965,462431325,513575735,554161549,593173216,652854069,699219800,744898637,796334957,871731816,941653514,998789468,1017712189,1078194076,1112960022,1151638261,1212298549,1276068722,1347898945,1429575559,1505781712,1628168627,1694427028,1718911998,1767334466,1863941853,1942919484,2070191733,2192252450,2266596092,2216310618,2283241329,2410993963,2526546881,2551787975,2648498835,2762663466,2821294298,2902030984
"93000","Great Lakes",20053465,17173520,14352146,10475420,9674550,11555837,13399556,15431064,17158641,15071818,16477855,17842503,22159995,27410505,33226763,35179181,35930647,38824914,42816348,47854434,46098189,51322613,58289006,61803406,67442685,66784592,72244835,77424089,80615393,80490362,85719800,89057472,91255939,96745163,101264358,108845257,118836426,129264268,135967661,148308674,161928782,170494196,183426586,200394486,223874628,243199998,262731562,288823117,320538980,355697068,391884653,424667539,463297006,484667635,510529363,563598206,598790765,631279472,663817850,711154163,765358368,808452883,828074860,889435929,929374734,985774043,1038939784,1096974637,1158529116,1232322421,1284847578,1370321856,1409803336,1426994929,1459125790,1515557416,1562011796,1645887046,1717580638,1774681948,1707107118,1750077094,1855242063,1932715487,1962255576,2044875262,2130088923,2176707324,2230467739
"94000","Plains",7497479,6715876,5597400,4222516,3762566,4193903,5487207,5630675,6453388,5905580,6164114,6473279,7930370,10660805,12667685,13217207,14042579,15658781,16952943,19853400,18339091,20715794,22675920,23994155,24356797,25343422,25892981,27240977,29173088,30919759,31713485,33311880,34562139,36881285,38368451,40010825,43914576,47248033,49574383,54070627,59311900,64275230,69188659,76424313,89095624,94313977,103657295,110974509,122639443,138811749,153093961,165390974,187050037,199322863,208977926,232623767,245605209,257212342,270883959,284015168,306273833,324425760,335764517,360319451,372338378,397332114,416502560,448190038,471141232,502075417,522532705,559567086,579316979,590968302,616756181,650501082,673097683,715168105,761922035,811473761,786346384,808918918,867752130,916941239,926813561,963741056,994108836,1008513288,1026110639
"95000","Southeast",9864225,8477167,7446005,5615623,5733786,6926169,7625343,8788062,9564340,8881240,9580731,10447496,13872830,19301009,23857785,26241857,27153075,27844807,29109199,32651279,32276668,36143919,41525566,44443554,46563757,46609097,50594674,54746544,57801711,60503413,64761282,67089689,70752176,75496719,80549556,86981242,94562527,103717168,112424052,124490739,138941326,152513470,168280550,189052896,214605429,239133335,262142313,290858891,322755735,366893447,411993497,464065619,524660525,562473435,607216888,674332275,726846141,774420542,826632289,898737368,978126156,1039642513,1087708873,1168823918,1235395303,1309931704,1394805064,1479935672,1570491534,1687840437,1772130068,1899680707,1988459313,2040822900,2127668458,2278077142,2437752631,2618199312,2760150189,2856698462,2769842417,2859182022,3017052452,3136007274,3148451483,3320968980,3501150321,3591918052,3713207001
"96000","Southwest",4220004,3622249,3052655,2299464,2280515,2629769,3016183,3435118,3898083,3743868,3888234,4138225,5098743,7284350,9622620,10453677,10575170,10919458,12101243,13327418,14251967,15345864,17599756,19151462,19748339,20254040,21784217,23399734,25064432,26223042,27790150,28795586,30411402,31948458,33303837,35662461,38264015,41617944,45276071,50362197,56317664,62299472,68126733,75820869,86197944,96984979,109351628,122529526,136751403,157846351,182351995,209353933,244571091,268060290,284818071,312574634,336276720,346922227,356238591,377972430,404425167,433568698,453708566,488716681,517870864,550165516,588912349,632152308,684747847,742822291,780761079,849541752,900816481,916158455,953682907,1006445855,1101283761,1208863893,1284243510,1394758130,1320228177,1374987775,1490647485,1592627183,1628012943,1743669781,1805564422,1816997833,1873065099
"97000","Rocky Mountain",1596636,1467539,1173081,926945,885603,1042051,1254068,1462049,1470928,1440938,1495060,1591856,1946080,2719959,3322935,3311727,3481329,3820761,4294426,4769837,4779446,5343163,6167502,6539394,6570578,6643253,7219888,7864579,8483449,8718172,9200110,9730682,10317776,11118554,11482250,12010432,12900036,13685709,14544114,15795980,17681026,19781320,22014241,24946229,28497043,32098765,35410907,39140516,43634667,50520135,57113131,64817811,73772157,79644087,84859641,91953954,96902167,100406091,103882866,109756816,119199729,127352543,135140768,146514405,158589533,169886195,183629289,197211262,210999331,230362190,246048213,269392776,282517131,288132142,297052625,312466239,336313433,367112638,392944275,410768622,391208750,400125759,433315163,461347229,479685748,513397510,542453905,556451281,578948880
"98000","Far West",7353201,6763919,5779979,4497767,4271680,4862589,5434492,6511816,6904945,6829257,7132384,7875767,10111276,14194309,18709093,20283425,20809379,22029146,22849084,24557998,24897074,29034336,33466183,36861937,39242951,40270595,43883200,47595755,50746091,53060264,57734574,60982224,64546216,69551271,74000134,79846854,85529968,93233448,100395153,110329943,121614128,131426091,140460901,154141482,170172717,190690590,212219107,235796974,261469941,298380888,338429909,383701003,429247487,458008109,494014766,545001484,586907512,628744627,674634044,733923275,796053804,857059080,892213369,946821359,977869636,1016044964,1071607247,1141289142,1216589265,1318818557,1403755746,1536971987,1586350068,1618003753,1697300017,1826512238,1936476098,2088412938,2183767768,2242389987,2160484549,2229798925,2373116476,2525722441,2559477354,2732550722,2927727800,3037622148,3162144692
"Legend / Footnotes:"
"* Estimates prior to 1950 are not available for Alaska and Hawaii."
"Note-- All dollar estimates are in current dollars (not adjusted for inflation)."
"(NA) Data not available for this year."
"Last updated: March 22, 2018-- new estimates for 2017; revised estimates for 2010-2016."
